begin;

-- Deterministic synthetic reference data for local development and demos.
-- Fixed UUIDs keep foreign-key relationships stable across repeated setup.

insert into public.venues (id, name, city, capacity)
values
  ('10000000-0000-4000-8000-000000000001', 'Northstar Stadium', 'Toronto', 70000),
  ('10000000-0000-4000-8000-000000000002', 'Suncoast Arena', 'Miami', 50000)
on conflict (id) do update
set
  name = excluded.name,
  city = excluded.city,
  capacity = excluded.capacity;

insert into public.zones (id, venue_id, label, capacity)
values
  (
    '20000000-0000-4000-8000-000000000001',
    '10000000-0000-4000-8000-000000000001',
    'Zone A — North Concourse',
    12000
  ),
  (
    '20000000-0000-4000-8000-000000000002',
    '10000000-0000-4000-8000-000000000001',
    'Zone B — East Concourse',
    12000
  ),
  (
    '20000000-0000-4000-8000-000000000003',
    '10000000-0000-4000-8000-000000000001',
    'Zone C — South Concourse',
    12000
  ),
  (
    '20000000-0000-4000-8000-000000000004',
    '10000000-0000-4000-8000-000000000001',
    'Zone D — West Concourse',
    12000
  ),
  (
    '20000000-0000-4000-8000-000000000005',
    '10000000-0000-4000-8000-000000000001',
    'Zone E — Upper Bowl',
    11000
  ),
  (
    '20000000-0000-4000-8000-000000000006',
    '10000000-0000-4000-8000-000000000001',
    'Zone F — Lower Bowl',
    11000
  ),
  (
    '20000000-0000-4000-8000-000000000007',
    '10000000-0000-4000-8000-000000000002',
    'Zone A — North Concourse',
    9000
  ),
  (
    '20000000-0000-4000-8000-000000000008',
    '10000000-0000-4000-8000-000000000002',
    'Zone B — East Concourse',
    8000
  ),
  (
    '20000000-0000-4000-8000-000000000009',
    '10000000-0000-4000-8000-000000000002',
    'Zone C — South Concourse',
    9000
  ),
  (
    '20000000-0000-4000-8000-000000000010',
    '10000000-0000-4000-8000-000000000002',
    'Zone D — West Concourse',
    8000
  ),
  (
    '20000000-0000-4000-8000-000000000011',
    '10000000-0000-4000-8000-000000000002',
    'Zone E — Upper Bowl',
    8000
  ),
  (
    '20000000-0000-4000-8000-000000000012',
    '10000000-0000-4000-8000-000000000002',
    'Zone F — Lower Bowl',
    8000
  )
on conflict (id) do update
set
  venue_id = excluded.venue_id,
  label = excluded.label,
  capacity = excluded.capacity;

insert into public.gates (id, venue_id, label)
values
  (
    '30000000-0000-4000-8000-000000000001',
    '10000000-0000-4000-8000-000000000001',
    'Gate 1 — North'
  ),
  (
    '30000000-0000-4000-8000-000000000002',
    '10000000-0000-4000-8000-000000000001',
    'Gate 2 — Northeast'
  ),
  (
    '30000000-0000-4000-8000-000000000003',
    '10000000-0000-4000-8000-000000000001',
    'Gate 3 — Southeast'
  ),
  (
    '30000000-0000-4000-8000-000000000004',
    '10000000-0000-4000-8000-000000000001',
    'Gate 4 — South'
  ),
  (
    '30000000-0000-4000-8000-000000000005',
    '10000000-0000-4000-8000-000000000001',
    'Gate 5 — West'
  ),
  (
    '30000000-0000-4000-8000-000000000006',
    '10000000-0000-4000-8000-000000000001',
    'Gate 6 — Accessible Entry'
  ),
  (
    '30000000-0000-4000-8000-000000000007',
    '10000000-0000-4000-8000-000000000002',
    'Gate 1 — North'
  ),
  (
    '30000000-0000-4000-8000-000000000008',
    '10000000-0000-4000-8000-000000000002',
    'Gate 2 — East'
  ),
  (
    '30000000-0000-4000-8000-000000000009',
    '10000000-0000-4000-8000-000000000002',
    'Gate 3 — South'
  ),
  (
    '30000000-0000-4000-8000-000000000010',
    '10000000-0000-4000-8000-000000000002',
    'Gate 4 — West'
  ),
  (
    '30000000-0000-4000-8000-000000000011',
    '10000000-0000-4000-8000-000000000002',
    'Gate 5 — Accessible Entry'
  )
on conflict (id) do update
set
  venue_id = excluded.venue_id,
  label = excluded.label;

commit;
